Country Name,Country Code,Series Name,Series Code,2013 [YR2013],2014 [YR2014],2015 [YR2015],2016 [YR2016],2017 [YR2017],2018 [YR2018],2019 [YR2019],2020 [YR2020],2021 [YR2021],2022 [YR2022],2023 [YR2023]
Afghanistan,AFG,"Population, total",SP.POP.TOTL,31622704,32792523,33831764,34700612,35688935,36743039,37856121,39068979,40000412,40578842,41454761
Albania,ALB,"Population, total",SP.POP.TOTL,2895092,2889104,2880703,2876101,2873457,2866376,2854191,2837849,2811666,2777689,2745972
Algeria,DZA,"Population, total",SP.POP.TOTL,38414171,39205031,40019529,40850721,41689299,42505035,43294546,44042091,44761099,45477389,46164219
American Samoa,ASM,"Population, total",SP.POP.TOTL,54006,53466,52878,52245,51586,50908,50209,49761,49225,48342,47521
Andorra,AND,"Population, total",SP.POP.TOTL,75194,73737,72174,72181,73763,75162,76474,77380,78364,79705,80856
Angola,AGO,"Population, total",SP.POP.TOTL,26165620,27160769,28157798,29183070,30234839,31297155,32375632,33451132,34532429,35635029,36749906
Antigua and Barbuda,ATG,"Population, total",SP.POP.TOTL,88064,88765,89409,89969,90468,90926,91364,91846,92349,92840,93316
Argentina,ARG,"Population, total",SP.POP.TOTL,42582455,43024071,43477012,43900313,44288894,44654882,44973465,45191965,45312281,45407904,45538401
Armenia,ARM,"Population, total",SP.POP.TOTL,3022000,3013800,3004600,2992300,2979400,2969000,2962500,2961500,2962300,2969200,2990900
Aruba,ABW,"Population, total",SP.POP.TOTL,105675,106807,107906,108727,108735,108908,109203,108587,107700,107310,107359
Australia,AUS,"Population, total",SP.POP.TOTL,23128129,23475686,23815995,24190907,24592588,24963258,25334826,25649248,25685412,26014399,26658948
Austria,AUT,"Population, total",SP.POP.TOTL,8479823,8546356,8642699,8736668,8797566,8840521,8879920,8916864,8955797,9041851,9131761
Azerbaijan,AZE,"Population, total",SP.POP.TOTL,9416801,9535079,9649341,9757812,9854033,9939771,10024283,10093121,10137750,10141756,10153958
"Bahamas, The",BHS,"Population, total",SP.POP.TOTL,378953,382298,385346,388055,390485,392717,394675,395863,396373,397538,399440
Bahrain,BHR,"Population, total",SP.POP.TOTL,1253191,1314562,1370322,1423726,1501116,1503091,1483756,1472204,1504365,1524693,1577059
Bangladesh,BGD,"Population, total",SP.POP.TOTL,156532141,157964929,159383179,160811932,162186147,163523103,164913055,166298024,167658854,169384897,171466990
Barbados,BRB,"Population, total",SP.POP.TOTL,277665,278348,278990,279598,280171,280711,281207,281698,282147,282318,282336
Belarus,BLR,"Population, total",SP.POP.TOTL,9443211,9448515,9461076,9469379,9458989,9438785,9419758,9379952,9302585,9228071,9178298
Belgium,BEL,"Population, total",SP.POP.TOTL,11159407,11209057,11274196,11331422,11375158,11427054,11488980,11538604,11586195,11680210,11787423
Belize,BLZ,"Population, total",SP.POP.TOTL,341627,348923,356333,364705,373202,380226,385829,390812,395346,402733,411106
Benin,BEN,"Population, total",SP.POP.TOTL,10708834,11030004,11360681,11697842,12039780,12383347,12726755,13070169,13413417,13759501,14111034
Bermuda,BMU,"Population, total",SP.POP.TOTL,63574,63529,63464,63449,63578,63831,64107,64382,64648,64749,64698
Bhutan,BTN,"Population, total",SP.POP.TOTL,725273,733139,740618,747866,754335,759759,764824,770006,775442,780914,786385
Bolivia,BOL,"Population, total",SP.POP.TOTL,10682608,10848888,11014705,11180020,11344587,11508368,11671386,11816299,11937360,12077154,12244159
Bosnia and Herzegovina,BIH,"Population, total",SP.POP.TOTL,3610859,3564829,3518541,3473003,3428682,3387000,3345533,3299349,3244907,3204802,3185073
Botswana,BWA,"Population, total",SP.POP.TOTL,2140682,2172044,2203273,2234776,2266747,2299141,2332083,2365894,2401441,2439892,2480244
Brazil,BRA,"Population, total",SP.POP.TOTL,198478299,200085127,201675532,203218114,204703445,206107261,207455459,208660842,209550294,210306415,211140729
British Virgin Islands,VGB,"Population, total",SP.POP.TOTL,31703,32962,34498,33878,32699,34657,36395,37135,37809,38319,38985
Brunei Darussalam,BRN,"Population, total",SP.POP.TOTL,411202,416750,422212,427564,432772,437810,442680,447404,451721,455370,458949
Bulgaria,BGR,"Population, total",SP.POP.TOTL,7265115,7223938,7177991,7127822,7075947,7025037,6975761,6934015,6877743,6643324,6446596
Burkina Faso,BFA,"Population, total",SP.POP.TOTL,17695409,18229461,18777487,19334856,19894407,20438288,20961952,21478690,21995243,22509038,23025776
Burundi,BDI,"Population, total",SP.POP.TOTL,10439341,10799785,11047580,11239451,11506762,11859446,12255336,12617036,12965481,13321097,13689450
Cabo Verde,CPV,"Population, total",SP.POP.TOTL,512225,512326,512394,512554,512893,513415,514104,514679,516649,519741,522331
Cambodia,KHM,"Population, total",SP.POP.TOTL,15170208,15396772,15623251,15852803,16073372,16274522,16481304,16725474,16974305,17201724,17423880
Cameroon,CMR,"Population, total",SP.POP.TOTL,21402376,22059893,22763414,23454161,24128601,24806383,25506095,26210558,26915758,27632771,28372687
Canada,CAN,"Population, total",SP.POP.TOTL,35080992,35434066,35704498,36110803,36545075,37072620,37618495,38028638,38239864,38939056,40097761
Cayman Islands,CYM,"Population, total",SP.POP.TOTL,58655,60160,61642,63100,64535,65941,67327,68684,70108,71591,73038
Central African Republic,CAF,"Population, total",SP.POP.TOTL,4642419,4623182,4629320,4713663,4793511,4878657,4944703,5026628,5112100,5098039,5152421
Chad,TCD,"Population, total",SP.POP.TOTL,13691079,14188678,14647621,15114655,15622759,16156531,16685223,17224679,17828273,18455316,19319064
Channel Islands,CHI,"Population, total",SP.POP.TOTL,161777,162726,163454,163883,164319,164949,165639,166235,166741,167215,167691
Chile,CHL,"Population, total",SP.POP.TOTL,17687006,17864195,18047625,18267221,18558868,18893191,19197744,19370624,19456334,19553036,19658835
China,CHN,"Population, total",SP.POP.TOTL,1363240000,1371860000,1379860000,1387790000,1396215000,1402760000,1407745000,1411100000,1412360000,1412175000,1410710000
Colombia,COL,"Population, total",SP.POP.TOTL,46151584,46565429,46969940,47437512,48131078,49024465,49907985,50629997,51188173,51737944,52321152
Comoros,COM,"Population, total",SP.POP.TOTL,696192,711503,726682,741741,756669,771590,786578,802163,818174,834188,850387
"Congo, Dem. Rep.",COD,"Population, total",SP.POP.TOTL,75789395,78403242,81035531,83956415,87083398,90047644,92947442,95989998,99148932,102396968,105789731
"Congo, Rep.",COG,"Population, total",SP.POP.TOTL,4857099,4975880,5097581,5222536,5351011,5483118,5616661,5752791,5892183,6035104,6182885
Costa Rica,CRI,"Population, total",SP.POP.TOTL,4716147,4767119,4818038,4866998,4913177,4957818,4999553,5034320,5059988,5081765,5105525
Cote d'Ivoire,CIV,"Population, total",SP.POP.TOTL,23939775,24527395,25246342,25989405,26733372,27464173,28193009,28915449,29639736,30395002,31165654
Croatia,HRV,"Population, total",SP.POP.TOTL,4233922,4201598,4151725,4106867,4041407,3988775,3949390,3914206,3878981,3855641,3859686
Cuba,CUB,"Population, total",SP.POP.TOTL,11298167,11285775,11275065,11265612,11247829,11227118,11202846,11176354,11122168,11059820,11019931
Curacao,CUW,"Population, total",SP.POP.TOTL,153822,155909,157980,159664,160175,159336,157441,154947,152369,149996,147862
Cyprus,CYP,"Population, total",SP.POP.TOTL,1183895,1201801,1219502,1237112,1254275,1270737,1286671,1302247,1317309,1331370,1344976
Czechia,CZE,"Population, total",SP.POP.TOTL,10514272,10525347,10546059,10566332,10594438,10629928,10671870,10697858,10505772,10672118,10864042
Denmark,DNK,"Population, total",SP.POP.TOTL,5614932,5643475,5683483,5728010,5764980,5793636,5814422,5831404,5856733,5903037,5946952
Djibouti,DJI,"Population, total",SP.POP.TOTL,984824,1002717,1020313,1037653,1054841,1071882,1088709,1105188,1121248,1137096,1152944
Dominica,DMA,"Population, total",SP.POP.TOTL,69715,70373,70410,69606,68496,68174,67880,67573,67202,66826,66510
Dominican Republic,DOM,"Population, total",SP.POP.TOTL,10193833,10315528,10434829,10551430,10666843,10782053,10894043,11008300,11123476,11230734,11331265
Ecuador,ECU,"Population, total",SP.POP.TOTL,15807128,16035124,16266225,16505139,16759519,17049547,17340021,17546065,17682454,17823897,17980083
"Egypt, Arab Rep.",EGY,"Population, total",SP.POP.TOTL,95333553,97528654,99597342,101644589,103696057,105682094,107553158,109315124,110957008,112618250,114535772
El Salvador,SLV,"Population, total",SP.POP.TOTL,6138839,6162955,6183676,6200800,6213533,6219807,6222318,6234673,6255782,6280319,6309624
Equatorial Guinea,GNQ,"Population, total",SP.POP.TOTL,1346218,1399828,1453923,1508186,1562396,1616422,1670177,1716468,1758786,1803545,1847549
Eritrea,ERI,"Population, total",SP.POP.TOTL,3074360,3095173,3105546,3124698,3150347,3192760,3240194,3291271,3350183,3409447,3470390
Estonia,EST,"Population, total",SP.POP.TOTL,1317997,1314545,1315407,1315790,1317384,1321977,1326898,1329522,1330932,1348840,1370286
Eswatini,SWZ,"Population, total",SP.POP.TOTL,1129990,1136299,1142813,1149507,1158195,1168929,1179874,1192729,1206593,1218917,1230506
Ethiopia,ETH,"Population, total",SP.POP.TOTL,98438751,101115610,103867135,106718162,109666481,112664152,115737383,118917671,122138588,125384287,128691692
Faroe Islands,FRO,"Population, total",SP.POP.TOTL,48246,48428,48901,49464,50182,50998,51795,52571,53315,53952,54482
Fiji,FJI,"Population, total",SP.POP.TOTL,916352,917585,918578,919166,918759,917180,914899,914963,916711,919422,924145
Finland,FIN,"Population, total",SP.POP.TOTL,5438972,5461512,5479531,5495303,5508214,5515525,5521606,5529543,5541017,5556106,5583911
France,FRA,"Population, total",SP.POP.TOTL,65997932,66312067,66548272,66724104,66918020,67158348,67382061,67601110,67842811,68065015,68287487
French Polynesia,PYF,"Population, total",SP.POP.TOTL,274728,276387,277866,279178,280087,279815,279034,279209,279792,280378,281118
Gabon,GAB,"Population, total",SP.POP.TOTL,1913059,1978399,2040989,2100306,2156900,2212318,2267706,2322539,2376722,2430747,2484789
"Gambia, The",GMB,"Population, total",SP.POP.TOTL,2103820,2164528,2224529,2283769,2342189,2399632,2456844,2515733,2576010,2636470,2697845
Georgia,GEO,"Population, total",SP.POP.TOTL,3717668,3719414,3725276,3727505,3728004,3726549,3720161,3722716,3708610,3712502,3715483
Germany,DEU,"Population, total",SP.POP.TOTL,80645605,80982500,81686611,82348669,82657002,82905782,83092962,83160871,83196078,83797985,83280000
Ghana,GHA,"Population, total",SP.POP.TOTL,27386193,28041592,28696068,29356742,30008354,30637585,31258945,31887809,32518665,33149152,33787914
Gibraltar,GIB,"Population, total",SP.POP.TOTL,32407,32813,33193,33658,34245,34854,35494,36173,36858,37609,38471
Greece,GRC,"Population, total",SP.POP.TOTL,10965211,10892413,10820883,10775971,10754679,10732882,10721582,10698599,10569207,10436882,10405588
Greenland,GRL,"Population, total",SP.POP.TOTL,56483,56295,56114,56186,56172,56023,56225,56367,56653,56661,56865
Grenada,GRD,"Population, total",SP.POP.TOTL,113487,114132,114676,115130,115438,115691,115981,116341,116688,116913,117081
Guam,GUM,"Population, total",SP.POP.TOTL,165966,165486,164905,164233,163490,162679,161808,162158,163730,165180,166506
Guatemala,GTM,"Population, total",SP.POP.TOTL,15387337,15681725,15971743,16268760,16567357,16845685,17103803,17357325,17598650,17847877,18124838
Guinea,GIN,"Population, total",SP.POP.TOTL,11191873,11472924,11767070,12073030,12385659,12704774,13034346,13371183,13710513,14055137,14405468
Guinea-Bissau,GNB,"Population, total",SP.POP.TOTL,1695973,1741122,1786457,1831893,1877072,1922168,1967696,2013255,2058841,2105529,2153339
Guyana,GUY,"Population, total",SP.POP.TOTL,750021,754229,758781,763548,768479,791556,807665,807481,815482,821637,826353
Haiti,HTI,"Population, total",SP.POP.TOTL,10222362,10373235,10523242,10671457,10817754,10962362,11105163,11243848,11374586,11503606,11637398
Honduras,HND,"Population, total",SP.POP.TOTL,8889278,9063122,9237305,9412380,9588137,9765210,9943633,10119640,10289877,10463872,10644851
"Hong Kong SAR, China",HKG,"Population, total",SP.POP.TOTL,7178900,7229500,7291300,7336600,7393200,7452600,7507900,7481000,7413100,7346100,7536100
Hungary,HUN,"Population, total",SP.POP.TOTL,9893082,9866468,9843028,9814023,9787966,9775564,9771141,9750149,9709891,9644377,9592186
Iceland,ISL,"Population, total",SP.POP.TOTL,323764,327386,330815,335439,343400,352721,360563,366463,372520,382003,393349
India,IND,"Population, total",SP.POP.TOTL,1295829511,1312277191,1328024498,1343944296,1359657400,1374659064,1389030312,1402617695,1414203896,1425423212,1438069596
Indonesia,IDN,"Population, total",SP.POP.TOTL,255852467,258877399,261799249,264627418,267346658,269951846,272489381,274814866,276758053,278830529,281190067
"Iran, Islamic Rep.",IRN,"Population, total",SP.POP.TOTL,80414686,81502045,82619362,83812228,85026754,86117998,87051648,87723443,88455488,89524246,90608707
Iraq,IRQ,"Population, total",SP.POP.TOTL,35281989,36550059,37560535,38469627,39337353,40265624,41192171,42116605,43071211,44070551,45074049
Ireland,IRL,"Population, total",SP.POP.TOTL,4623816,4657740,4701957,4755335,4807388,4867316,4934340,4985382,5033164,5165700,5307600
Isle of Man,IMN,"Population, total",SP.POP.TOTL,84141,83892,83593,83466,83609,83805,83957,84064,84106,84132,84165
Israel,ISR,"Population, total",SP.POP.TOTL,8059500,8215700,8380100,8546000,8713300,8882800,9054000,9215100,9371400,9557500,9756600
Italy,ITA,"Population, total",SP.POP.TOTL,60233948,60789140,60730582,60627498,60536709,60421760,59729081,59438851,59133173,59013667,58993475
Jamaica,JAM,"Population, total",SP.POP.TOTL,2783687,2793749,2802534,2809915,2815764,2820097,2823271,2830739,2837682,2839144,2839786
Japan,JPN,"Population, total",SP.POP.TOTL,127445000,127276000,127141000,127076000,126972000,126811000,126633000,126261000,125681593,125124989,124516650
Jordan,JOR,"Population, total",SP.POP.TOTL,7991809,8791710,9544729,10006367,10234226,10462306,10671891,10865228,11066356,11256263,11439213
Kazakhstan,KAZ,"Population, total",SP.POP.TOTL,17556502,17816285,18084169,18363600,18651931,18932727,19209555,19482117,19743603,20034609,20330104
Kenya,KEN,"Population, total",SP.POP.TOTL,44986791,46051440,47088526,48139687,49197766,50207107,51202827,52217334,53219166,54252461,55339003
Kiribati,KIR,"Population, total",SP.POP.TOTL,113838,115326,116815,118478,120275,122084,123921,126099,128377,130469,132530
"Korea, Dem. People's Rep.",PRK,"Population, total",SP.POP.TOTL,25329451,25451262,25575350,25698326,25817709,25931147,26037632,26136312,26232534,26328845,26418204
"Korea, Rep.",KOR,"Population, total",SP.POP.TOTL,50428893,50746659,51014947,51217803,51361911,51585058,51764822,51836239,51769539,51672569,51712619
Kosovo,XKX,"Population, total",SP.POP.TOTL,1818119,1812788,1788274,1777568,1791019,1797086,1788891,1790152,1786080,1768096,1756366
Kuwait,KWT,"Population, total",SP.POP.TOTL,3507844,3665876,3834574,4004096,4154812,4323515,4442316,4400267,4360865,4589643,4853420
Kyrgyz Republic,KGZ,"Population, total",SP.POP.TOTL,5777150,5905847.5,6040035.5,6175337.5,6306695.5,6444078.5,6590211,6726595.5,6851224,6975219.5,7099750
Lao PDR,LAO,"Population, total",SP.POP.TOTL,6611385,6703172,6801645,6908802,7018147,7128045,7237636,7346533,7453194,7559007,7664993
Latvia,LVA,"Population, total",SP.POP.TOTL,2012647,1993782,1977527,1959537,1942248,1927174,1913822,1900449,1884490,1879383,1877445
Lebanon,LBN,"Population, total",SP.POP.TOTL,5743436,6346990,6472469,6323060,6160128,5984119,5794594,5702398,5718122,5744489,5773493
Lesotho,LSO,"Population, total",SP.POP.TOTL,2056504,2080089,2104611,2130422,2157110,2183603,2209405,2235727,2261542,2286110,2311472
Liberia,LBR,"Population, total",SP.POP.TOTL,4470239,4564293,4659431,4755608,4848925,4944726,5043721,5149463,5259323,5373294,5493031
Libya,LBY,"Population, total",SP.POP.TOTL,6304628,6427252,6531819,6632126,6738770,6849055,6951033,7045399,7135175,7223805,7305659
Liechtenstein,LIE,"Population, total",SP.POP.TOTL,36984,37248,37494,37716,37962,38246,38563,38901,39182,39493,39850
Lithuania,LTU,"Population, total",SP.POP.TOTL,2957689,2932367,2904910,2868231,2828403,2801543,2794137,2794885,2800839,2831639,2871585
Luxembourg,LUX,"Population, total",SP.POP.TOTL,543360,556319,569604,582014,596336,607950,620001,630419,640064,653103,666430
"Macao SAR, China",MAC,"Population, total",SP.POP.TOTL,591900,621700,642900,652500,648400,658900,672000,685400,682500,677300,678800
Madagascar,MDG,"Population, total",SP.POP.TOTL,24109290,24764348,25426702,26099952,26788375,27494926,28219554,28953556,29691083,30437261,31195932
Malawi,MWI,"Population, total",SP.POP.TOTL,16161816,16621538,17085587,17557739,18039715,18528081,19025752,19533888,20047258,20568728,21104482
Malaysia,MYS,"Population, total",SP.POP.TOTL,30174265,30696137,31232798,31789685,32355644,32910967,33440596,33889558,34282399,34695493,35126298
Maldives,MDV,"Population, total",SP.POP.TOTL,400070,413617,428154,443308,458287,473099,487731,502118,516154,524106,525994
Mali,MLI,"Population, total",SP.POP.TOTL,17459615,18020267,18593022,19191289,19813011,20442030,21068405,21713836,22388630,23072640,23769127
Malta,MLT,"Population, total",SP.POP.TOTL,425967,434558,445053,455356,467999,484630,504062,515332,518536,531511,552747
Marshall Islands,MHL,"Population, total",SP.POP.TOTL,50681,49796,48800,47709,46529,45285,44007,42706,41367,40077,38827
Mauritania,MRT,"Population, total",SP.POP.TOTL,3734318,3848514,3965959,4086657,4210600,4337685,4467708,4600131,4734874,4875637,5022441
Mauritius,MUS,"Population, total",SP.POP.TOTL,1258927,1261208,1262879,1263747,1264887,1265577,1265985,1266014,1266334,1262523,1261041
Mexico,MEX,"Population, total",SP.POP.TOTL,118343573,119784261,121072306,122251351,123400057,124573711,125762982,126799054,127648148,128613117,129739759
"Micronesia, Fed. Sts.",FSM,"Population, total",SP.POP.TOTL,108121,108396,108716,109075,109481,109909,110282,110916,111624,112114,112630
Moldova,MDA,"Population, total",SP.POP.TOTL,2859558,2857815,2835978,2803186,2755189,2707203,2664224,2635130,2595809,2528654,2457783
Monaco,MCO,"Population, total",SP.POP.TOTL,35447,36128,36757,37276,37678,38154,38109,38050,38527,38931,38956
Mongolia,MNG,"Population, total",SP.POP.TOTL,2899011,2963113,3026864,3088856,3148917,3208189,3267673,3327204,3383741,3433748,3481145
Montenegro,MNE,"Population, total",SP.POP.TOTL,621207,621810,622159,622303,622373,622227,622028,621306,619211,617213,616177
Morocco,MAR,"Population, total",SP.POP.TOTL,33787571,34204780,34607588,35023457,35446392,35839760,36210898,36584208,36954442,37329064,37712505
Mozambique,MOZ,"Population, total",SP.POP.TOTL,25051611,25788475,26547572,27337105,28166393,29018644,29884380,30783688,31707800,32656246,33635160
Myanmar,MMR,"Population, total",SP.POP.TOTL,50262658,50681634,51089056,51495696,51894938,52272247,52640713,53016522,53387102,53756787,54133798
Namibia,NAM,"Population, total",SP.POP.TOTL,2252508,2312139,2374300,2439213,2506853,2577327,2650494,2728762,2810548,2889662,2963095
Nauru,NRU,"Population, total",SP.POP.TOTL,10517,10742,10954,11150,11324,11477,11587,11643,11709,11801,11875
Nepal,NPL,"Population, total",SP.POP.TOTL,27589996,27672370,27823629,27955462,28011258,28079689,28414064,28966574,29475010,29715436,29694614
Netherlands,NLD,"Population, total",SP.POP.TOTL,16804432,16865008,16939923,17030314,17131296,17231624,17344874,17441500,17533044,17700982,17877117
New Caledonia,NCL,"Population, total",SP.POP.TOTL,276822,281224,283168,283423,283546,283541,283606,284176,285214,287123,289870
New Zealand,NZL,"Population, total",SP.POP.TOTL,4442100,4516500,4609400,4714100,4813600,4900600,4979200,5090200,5111300,5117200,5223100
Nicaragua,NIC,"Population, total",SP.POP.TOTL,5983845,6066492,6149417,6232666,6316231,6400080,6483657,6565267,6644741,6730654,6823613
Niger,NER,"Population, total",SP.POP.TOTL,18519898,19215909,19939498,20685753,21435446,22188069,22947757,23717613,24502140,25311973,26159867
Nigeria,NGA,"Population, total",SP.POP.TOTL,181049443,185896915,190671878,195443700,200254579,204938755,209485641,213996181,218529286,223150896,227882945
North Macedonia,MKD,"Population, total",SP.POP.TOTL,1922716,1917557,1912430,1906313,1898657,1889051,1876262,1856124,1837114,1831712,1827816
Northern Mariana Islands,MNP,"Population, total",SP.POP.TOTL,52758,52178,51514,50773,49959,49077,48129,47528,46979,46078,45143
Norway,NOR,"Population, total",SP.POP.TOTL,5079623,5137232,5188607,5234519,5276968,5311916,5347896,5379475,5408320,5457127,5519594
Oman,OMN,"Population, total",SP.POP.TOTL,3833913,4002439,4184895,4390877,4537396,4597877,4591241,4522497,4500424,4730226,5049269
Pakistan,PAK,"Population, total",SP.POP.TOTL,211073978,214264647,217290883,220138869,223273967,226928892,230800899,235001746,239477801,243700667,247504495
Palau,PLW,"Population, total",SP.POP.TOTL,17648,17715,17770,17797,17812,17814,17798,17792,17783,17759,17727
Panama,PAN,"Population, total",SP.POP.TOTL,3825329,3892101,3960035,4029086,4098707,4167860,4234700,4293261,4345405,4400773,4458759
Papua New Guinea,PNG,"Population, total",SP.POP.TOTL,8302698,8523441,8743246,8961718,9178714,9394513,9609010,9815746,10012896,10203169,10389635
Paraguay,PRY,"Population, total",SP.POP.TOTL,5982445,6069811,6159103,6249126,6338660,6427382,6515058,6603739,6684182,6760464,6844146
Peru,PER,"Population, total",SP.POP.TOTL,29817919,30115826,30457600,30866494,31324637,31897584,32449303,32838579,33155882,33475438,33845617
Philippines,PHL,"Population, total",SP.POP.TOTL,102076336,103767130,105312992,106735719,108119693,109465287,110804683,112081264,113100950,113964338,114891199
Poland,POL,"Population, total",SP.POP.TOTL,38040196,38011735,37986412,37970087,37974826,37974750,37965475,37899070,36981559,36821749,36687353
Portugal,PRT,"Population, total",SP.POP.TOTL,10457295,10401062,10358076,10325452,10300300,10283822,10286263,10297081,10361831,10434332,10578174
Puerto Rico,PRI,"Population, total",SP.POP.TOTL,3593077,3534874,3473232,3406672,3325286,3193354,3193694,3281557,3262693,3220113,3205691
Qatar,QAT,"Population, total",SP.POP.TOTL,1916426,2151745,2344557,2477113,2545820,2580734,2638657,2794148,2504910,2657333,2656032
Romania,ROU,"Population, total",SP.POP.TOTL,19983693,19908979,19815616,19702267,19588715,19473970,19371648,19265250,19122059,19048502,19059479
Russian Federation,RUS,"Population, total",SP.POP.TOTL,143805638,144237223,144640716,145015460,145293260,145398106,145453291,145245148,144746762,144236933,143826130
Rwanda,RWA,"Population, total",SP.POP.TOTL,11093340,11364757,11640022,11919183,12202060,12487996,12776103,13065837,13355260,13651030,13954471
Samoa,WSM,"Population, total",SP.POP.TOTL,198268,200037,201782,203499,205415,207582,209780,211944,213779,215261,216663
San Marino,SMR,"Population, total",SP.POP.TOTL,33041,32655,32897,33101,33825,34522,34663,34770,34252,33755,33860
Sao Tome and Principe,STP,"Population, total",SP.POP.TOTL,193148,196767,200291,203689,206970,210187,213392,217435,221961,226305,230871
Saudi Arabia,SAU,"Population, total",SP.POP.TOTL,27624004,28309273,29816382,30954198,30977355,30196281,30063799,31552510,30784383,32175224,33264292
Senegal,SEN,"Population, total",SP.POP.TOTL,13710849,14152102,14593331,15034521,15475002,15914498,16352922,16789219,17220867,17651103,18077573
Serbia,SRB,"Population, total",SP.POP.TOTL,7166553,7131787,7095383,7058322,7020858,6982604,6945235,6899126,6834326,6664449,6623183
Seychelles,SYC,"Population, total",SP.POP.TOTL,89949,91359,93419,94677,95843,96762,97625,98462,99258,119878,119773
Sierra Leone,SLE,"Population, total",SP.POP.TOTL,6714051,6876385,7037655,7205328,7379299,7554563,7731991,7912558,8094602,8276807,8460512
Singapore,SGP,"Population, total",SP.POP.TOTL,5399162,5469724,5535002,5607283,5612253,5638676,5703569,5685807,5453566,5637022,5917648
Sint Maarten (Dutch part),SXM,"Population, total",SP.POP.TOTL,35854,36672,37471,38249,38996,39712,40385,41008,41571,42139,42749
Slovak Republic,SVK,"Population, total",SP.POP.TOTL,5413393,5418649,5423801,5430798,5439232,5446771,5454147,5458827,5447247,5431752,5426740
Slovenia,SVN,"Population, total",SP.POP.TOTL,2059953,2061980,2063531,2065042,2066388,2073894,2088385,2102419,2108079,2112076,2120461
Solomon Islands,SLB,"Population, total",SP.POP.TOTL,594945,616908,639415,662379,685672,709101,728147,744498,762591,781066,800005
Somalia,SOM,"Population, total",SP.POP.TOTL,12869594,13339491,13806963,14348740,14916629,15452487,16030971,16651191,17271431,17801897,18358615
South Africa,ZAF,"Population, total",SP.POP.TOTL,54678791,55594838,56723537,57259551,57635162,58613001,59587885,60562381,61502603,62378410,63212384
South Sudan,SSD,"Population, total",SP.POP.TOTL,11166275,11235073,11107561,10830102,10259154,10122977,10423384,10698467,10865780,11021177,11483374
Spain,ESP,"Population, total",SP.POP.TOTL,46620045,46480882,46444832,46484062,46593236,46797754,47134837,47365655,47415794,47759127,48347910
Sri Lanka,LKA,"Population, total",SP.POP.TOTL,20585000,20778000,20970000,21209000,21444000,21670000,21803000,21919000,22156000,22181000,22037000
St. Kitts and Nevis,KNA,"Population, total",SP.POP.TOTL,47069,47089,47087,47075,47050,47008,46952,46870,46763,46709,46758
St. Lucia,LCA,"Population, total",SP.POP.TOTL,173369,174138,174905,175646,176342,177017,177661,178250,178522,178781,179285
St. Martin (French part),MAF,"Population, total",SP.POP.TOTL,37419,37450,37369,37175,36837,36012,34267,31786,29961,28870,27515
St. Vincent and the Grenadines,VCT,"Population, total",SP.POP.TOTL,108135,107535,106960,106349,105663,104926,104167,103526,102841,102046,101323
Sudan,SDN,"Population, total",SP.POP.TOTL,37785849,38823318,40024431,41259892,42714306,44230596,45548175,46789231,48066924,49383346,50042791
Suriname,SUR,"Population, total",SP.POP.TOTL,569020,575373,581627,587757,593713,599513,605768,612317,617896,623164,628886
Sweden,SWE,"Population, total",SP.POP.TOTL,9600379,9696110,9799186,9923085,10057698,10175214,10278887,10353442,10415811,10486941,10536632
Switzerland,CHE,"Population, total",SP.POP.TOTL,8089346,8188649,8282396,8373338,8451840,8514329,8575280,8638167,8704546,8777088,8888093
Syrian Arab Republic,SYR,"Population, total",SP.POP.TOTL,21666917,20273659,19424618,19193834,19224668,19577845,20353534,21049429,21628839,22462173,23594623
Tajikistan,TJK,"Population, total",SP.POP.TOTL,8216724,8425552,8643840,8865631,9085946,9307333,9529966,9749310,9966908,10182222,10389799
Tanzania,TZA,"Population, total",SP.POP.TOTL,48824128,50351512,52020962,53824013,55652890,57437145,59174891,60972798,62830412,64711821,66617606
Thailand,THA,"Population, total",SP.POP.TOTL,69845114,70216367,70540795,70859841,71160187,71376079,71522271,71641484,71727332,71735329,71702435
Timor-Leste,TLS,"Population, total",SP.POP.TOTL,1158695,1181903,1205131,1228312,1251703,1275959,1300945,1326053,1350139,1369295,1384286
Togo,TGO,"Population, total",SP.POP.TOTL,7285442,7472450,7663195,7858289,8057140,8258778,8463068,8669720,8878379,9089738,9304337
Tonga,TON,"Population, total",SP.POP.TOTL,107078,106609,106095,105524,105356,105567,105669,105704,105490,105042,104597
Trinidad and Tobago,TTO,"Population, total",SP.POP.TOTL,1340557,1345343,1349667,1353895,1356633,1359193,1363985,1366725,1367558,1365805,1367510
Tunisia,TUN,"Population, total",SP.POP.TOTL,11141361,11274288,11402264,11528674,11650498,11765514,11875081,11974057,12048622,12119334,12200431
Turkiye,TUR,"Population, total",SP.POP.TOTL,76147624,77181884,78218479,79277962,80312698,81407204,82579440,83384680,84147318,84979913,85325965
Turkmenistan,TKM,"Population, total",SP.POP.TOTL,5939341,6075283,6215770,6360041,6507061,6655524,6803944,6949912,7092043,7230193,7364438
Turks and Caicos Islands,TCA,"Population, total",SP.POP.TOTL,33653,35050,36605,38315,39913,41559,43166,44386,45243,45847,46198
Tuvalu,TUV,"Population, total",SP.POP.TOTL,11001,10984,10963,10930,10869,10751,10581,10399,10194,9992,9816
Uganda,UGA,"Population, total",SP.POP.TOTL,35337042,36395539,37531446,38799152,40177388,41565831,42999637,44457152,45910930,47312719,48656601
Ukraine,UKR,"Population, total",SP.POP.TOTL,46126770,45972380,45784896,45616832,45436041,45208907,44957458,44680014,44298640,41048766,37732836
United Arab Emirates,ARE,"Population, total",SP.POP.TOTL,7693031,8059440,8505237,8935095,9223225,9346701,9445785,9401038,9575152,10074977,10483751
United Kingdom,GBR,"Population, total",SP.POP.TOTL,64128273,64602298,65116219,65611593,66058859,66460344,66836327,67081234,67026292,67791000,68350000
United States,USA,"Population, total",SP.POP.TOTL,316059947,318386329,320738994,323071755,325122128,326838199,328329953,331526933,332048977,333271411,334914895
Uruguay,URY,"Population, total",SP.POP.TOTL,3345337,3356334,3368017,3379283,3388438,3394534,3397206,3398968,3396695,3390913,3388081
Uzbekistan,UZB,"Population, total",SP.POP.TOTL,29724065,30222994,30749346,31284568,31819178,32373490,32964701,33586372,34243696,34938955,35652307
Vanuatu,VUT,"Population, total",SP.POP.TOTL,254482,260240,266101,272087,278507,285259,291985,298858,305868,313046,320409
"Venezuela, RB",VEN,"Population, total",SP.POP.TOTL,29912198,30254079,30573972,30765720,30565323,29807592,28938098,28444077,28237826,28213017,28300854
Viet Nam,VNM,"Population, total",SP.POP.TOTL,90573104,91679578,92823254,94000117,95176977,96237319,97173776,98079191,98935098,99680655,100352192
Virgin Islands (U.S.),VIR,"Population, total",SP.POP.TOTL,108041,107882,107712,107516,107281,107001,106669,106290,105870,105413,104917
West Bank and Gaza,PSE,"Population, total",SP.POP.TOTL,4076708,4173398,4270092,4367088,4454805,4569087,4685306,4803269,4922749,5043612,5165775
"Yemen, Rep.",YEM,"Population, total",SP.POP.TOTL,29312952,30226309,31159379,32109010,33090921,34085182,35111408,36134863,37140230,38222876,39390799
Zambia,ZMB,"Population, total",SP.POP.TOTL,15398997,15895315,16399089,16914423,17441320,17973569,18513839,19059395,19603607,20152938,20723965
Zimbabwe,ZWE,"Population, total",SP.POP.TOTL,14013808,14207359,14399013,14600294,14812482,15034452,15271368,15526888,15797210,16069056,16340822
